po_number,po_date,vendor_id,material_id,ordered_qty,received_qty,unit_price,po_value,planned_delivery,actual_delivery,delay_days,gr_status,invoice_status
PO500000,2026-07-23,V1008,MAT2034,180,163,169.99,30598.2,2026-07-31,2026-07-31,0,Partial,Mismatch
PO500001,2026-08-14,V1024,MAT2011,237,237,1624.98,385120.26,2026-08-26,2026-08-26,0,Complete,Pending
PO500002,2026-04-14,V1009,MAT2063,44,44,1086.06,47786.64,2026-05-04,2026-05-06,2,Complete,Pending
PO500003,2026-08-24,V1008,MAT2004,484,472,652.65,315882.6,2026-09-04,2026-09-06,2,Partial,Matched
PO500004,2026-05-21,V1004,MAT2005,41,41,462.3,18954.3,2026-06-05,2026-06-05,0,Complete,Mismatch
PO500005,2026-05-01,V1020,MAT2041,300,300,1101.71,330513.0,2026-05-11,2026-05-11,0,Complete,Mismatch
PO500006,2026-06-28,V1012,MAT2051,319,319,1646.97,525383.43,2026-07-04,2026-07-04,0,Complete,Matched
PO500007,2026-02-18,V1021,MAT2054,406,406,1613.77,655190.62,2026-03-09,2026-03-09,0,Complete,Matched
PO500008,2026-06-21,V1010,MAT2044,274,274,2387.99,654309.26,2026-06-28,2026-06-30,2,Complete,Pending
PO500009,2026-05-03,V1015,MAT2012,93,88,2412.85,224395.05,2026-05-08,2026-05-08,0,Partial,Pending
PO500010,2026-05-15,V1027,MAT2066,453,453,2056.28,931494.84,2026-05-31,2026-05-31,0,Complete,Mismatch
PO500011,2026-05-06,V1022,MAT2060,202,202,982.94,198553.88,2026-05-21,2026-05-24,3,Complete,Mismatch
PO500012,2026-06-02,V1016,MAT2003,229,214,1287.78,294901.62,2026-06-14,2026-06-19,5,Partial,Matched
PO500013,2026-03-26,V1004,MAT2049,311,311,2492.84,775273.24,2026-04-09,2026-04-09,0,Complete,Matched
PO500014,2026-04-25,V1009,MAT2015,257,257,1451.28,372978.96,2026-05-02,2026-05-02,0,Complete,Matched
PO500015,2026-02-14,V1016,MAT2017,17,16,1193.47,20288.99,2026-02-27,2026-02-27,0,Partial,Pending
PO500016,2026-07-04,V1014,MAT2025,482,482,1217.62,586892.84,2026-07-08,2026-07-13,5,Complete,Matched
PO500017,2026-01-15,V1005,MAT2003,147,147,1026.3,150866.1,2026-01-29,2026-01-29,0,Complete,Mismatch
PO500018,2026-03-01,V1023,MAT2066,411,411,1449.36,595686.96,2026-03-05,2026-03-05,0,Complete,Mismatch
PO500019,2026-03-31,V1013,MAT2035,284,284,1347.21,382607.64,2026-04-12,2026-04-12,0,Complete,Matched
PO500020,2026-03-04,V1028,MAT2061,234,220,1835.89,429598.26,2026-03-10,2026-03-10,0,Partial,Pending
PO500021,2026-02-13,V1006,MAT2047,124,124,724.06,89783.44,2026-02-19,2026-02-19,0,Complete,Matched
PO500022,2026-04-04,V1021,MAT2061,414,412,93.4,38667.6,2026-04-17,2026-04-17,0,Partial,Matched
PO500023,2026-08-09,V1001,MAT2054,378,378,1870.19,706931.82,2026-08-14,2026-08-22,8,Complete,Mismatch
PO500024,2026-03-20,V1031,MAT2031,396,396,2471.6,978753.6,2026-04-02,2026-04-02,0,Complete,Mismatch
PO500025,2026-04-13,V1031,MAT2023,82,82,484.65,39741.3,2026-05-01,2026-05-09,8,Complete,Matched
PO500026,2026-07-26,V1001,MAT2046,244,244,1281.29,312634.76,2026-08-13,2026-08-13,0,Complete,Mismatch
PO500027,2026-08-20,V1006,MAT2078,478,478,930.99,445013.22,2026-09-06,2026-09-06,0,Complete,Matched
PO500028,2026-08-25,V1017,MAT2037,193,193,2406.86,464523.98,2026-08-31,2026-09-08,8,Complete,Matched
PO500029,2026-03-10,V1010,MAT2037,134,134,1816.08,243354.72,2026-03-27,2026-03-27,0,Complete,Mismatch
PO500030,2026-07-01,V1030,MAT2023,20,20,1982.24,39644.8,2026-07-05,2026-07-06,1,Complete,Matched
PO500031,2026-02-01,V1025,MAT2016,432,432,862.48,372591.36,2026-02-13,2026-02-15,2,Complete,Mismatch
PO500032,2026-05-20,V1029,MAT2031,58,58,337.4,19569.2,2026-05-31,2026-05-31,0,Complete,Mismatch
PO500033,2026-03-20,V1001,MAT2017,145,141,1563.31,226679.95,2026-04-05,2026-04-05,0,Partial,Matched
PO500034,2026-07-01,V1031,MAT2011,272,272,580.58,157917.76,2026-07-14,2026-07-14,0,Complete,Pending
PO500035,2026-01-07,V1024,MAT2050,323,323,531.3,171609.9,2026-01-16,2026-01-16,0,Complete,Matched
PO500036,2026-08-12,V1009,MAT2067,263,263,1437.37,378028.31,2026-08-26,2026-08-26,0,Complete,Matched
PO500037,2026-06-28,V1019,MAT2057,277,277,176.82,48979.14,2026-07-05,2026-07-08,3,Complete,Matched
PO500038,2026-02-07,V1025,MAT2037,466,466,1147.71,534832.86,2026-02-26,2026-02-26,0,Complete,Pending
PO500039,2026-03-07,V1026,MAT2051,457,457,1702.95,778248.15,2026-03-21,2026-03-23,2,Complete,Matched
PO500040,2026-06-08,V1003,MAT2067,424,424,743.98,315447.52,2026-06-14,2026-06-26,12,Complete,Matched
PO500041,2026-01-20,V1027,MAT2040,167,167,2197.75,367024.25,2026-01-23,2026-01-23,0,Complete,Matched
PO500042,2026-04-02,V1019,MAT2035,483,483,2209.24,1067062.92,2026-04-07,2026-04-15,8,Complete,Mismatch
PO500043,2026-06-26,V1030,MAT2015,483,483,1955.39,944453.37,2026-07-09,2026-07-12,3,Complete,Mismatch
PO500044,2026-03-02,V1024,MAT2039,302,302,565.02,170636.04,2026-03-22,2026-03-22,0,Complete,Matched
PO500045,2026-04-06,V1027,MAT2051,15,15,1337.76,20066.4,2026-04-18,2026-04-18,0,Complete,Mismatch
PO500046,2026-03-05,V1018,MAT2001,354,354,2405.79,851649.66,2026-03-20,2026-03-20,0,Complete,Pending
PO500047,2026-01-06,V1033,MAT2075,356,356,2171.8,773160.8,2026-01-22,2026-01-27,5,Complete,Matched
PO500048,2026-08-12,V1000,MAT2076,52,52,1944.84,101131.68,2026-08-16,2026-08-21,5,Complete,Matched
PO500049,2026-02-26,V1021,MAT2034,96,93,844.79,81099.84,2026-03-15,2026-03-15,0,Partial,Matched
PO500050,2026-08-18,V1022,MAT2077,73,73,1069.23,78053.79,2026-08-22,2026-08-22,0,Complete,Matched
PO500051,2026-05-22,V1002,MAT2074,417,417,2315.19,965434.23,2026-05-28,2026-05-30,2,Complete,Matched
PO500052,2026-05-24,V1013,MAT2075,210,205,320.74,67355.4,2026-06-01,2026-06-01,0,Partial,Matched
PO500053,2026-06-13,V1022,MAT2024,333,333,148.97,49607.01,2026-06-23,2026-06-23,0,Complete,Mismatch
PO500054,2026-01-29,V1031,MAT2060,86,86,1201.88,103361.68,2026-02-02,2026-02-02,0,Complete,Matched
PO500055,2026-01-31,V1011,MAT2061,52,51,1801.41,93673.32,2026-02-14,2026-02-14,0,Partial,Mismatch
PO500056,2026-01-18,V1014,MAT2017,308,308,302.24,93089.92,2026-01-24,2026-01-24,0,Complete,Pending
PO500057,2026-06-29,V1020,MAT2039,349,349,2186.23,762994.27,2026-07-05,2026-07-05,0,Complete,Matched
PO500058,2026-01-28,V1002,MAT2038,242,242,1038.46,251307.32,2026-01-31,2026-01-31,0,Complete,Matched
PO500059,2026-06-22,V1015,MAT2038,167,165,287.44,48002.48,2026-07-09,2026-07-09,0,Partial,Matched
PO500060,2026-02-04,V1010,MAT2023,350,350,552.76,193466.0,2026-02-24,2026-02-24,0,Complete,Matched
PO500061,2026-03-25,V1012,MAT2022,23,23,969.87,22307.01,2026-04-06,2026-04-06,0,Complete,Matched
PO500062,2026-08-28,V1014,MAT2004,103,103,2034.35,209538.05,2026-09-11,2026-09-11,0,Complete,Matched
PO500063,2026-01-12,V1020,MAT2007,285,285,2191.63,624614.55,2026-01-15,2026-01-15,0,Complete,Pending
PO500064,2026-06-13,V1010,MAT2048,328,328,2254.12,739351.36,2026-06-25,2026-07-03,8,Complete,Pending
PO500065,2026-05-03,V1004,MAT2032,351,351,114.23,40094.73,2026-05-23,2026-05-25,2,Complete,Mismatch
PO500066,2026-05-04,V1006,MAT2026,241,241,450.95,108678.95,2026-05-09,2026-05-14,5,Complete,Mismatch
PO500067,2026-02-04,V1017,MAT2046,275,253,1113.71,306270.25,2026-02-21,2026-02-21,0,Partial,Mismatch
PO500068,2026-04-07,V1011,MAT2055,336,336,332.35,111669.6,2026-04-19,2026-04-22,3,Complete,Matched
PO500069,2026-02-14,V1017,MAT2057,167,167,2299.3,383983.1,2026-03-04,2026-03-04,0,Complete,Matched
PO500070,2026-03-01,V1033,MAT2050,293,293,1597.16,467967.88,2026-03-11,2026-03-16,5,Complete,Pending
PO500071,2026-02-15,V1010,MAT2001,420,420,2366.27,993833.4,2026-02-22,2026-02-22,0,Complete,Pending
PO500072,2026-02-12,V1024,MAT2042,411,411,385.37,158387.07,2026-02-26,2026-03-01,3,Complete,Matched
PO500073,2026-05-29,V1021,MAT2001,382,382,2228.24,851187.68,2026-06-16,2026-06-21,5,Complete,Mismatch
PO500074,2026-05-08,V1022,MAT2030,33,33,518.37,17106.21,2026-05-24,2026-05-26,2,Complete,Matched
PO500075,2026-08-09,V1032,MAT2054,78,78,136.64,10657.92,2026-08-13,2026-08-16,3,Complete,Matched
PO500076,2026-05-20,V1005,MAT2053,98,98,1688.83,165505.34,2026-05-25,2026-05-25,0,Complete,Matched
PO500077,2026-08-03,V1020,MAT2045,77,77,1522.81,117256.37,2026-08-18,2026-08-23,5,Complete,Matched
PO500078,2026-06-25,V1027,MAT2075,460,460,1058.67,486988.2,2026-07-13,2026-07-13,0,Complete,Mismatch
PO500079,2026-05-09,V1018,MAT2070,171,171,2408.8,411904.8,2026-05-15,2026-05-20,5,Complete,Mismatch
PO500080,2026-01-16,V1007,MAT2026,326,326,1353.33,441185.58,2026-02-03,2026-02-03,0,Complete,Pending
PO500081,2026-03-14,V1024,MAT2012,396,396,581.82,230400.72,2026-03-31,2026-03-31,0,Complete,Matched
PO500082,2026-02-07,V1007,MAT2017,184,184,1001.02,184187.68,2026-02-23,2026-02-23,0,Complete,Mismatch
PO500083,2026-05-18,V1026,MAT2019,48,48,1560.1,74884.8,2026-05-30,2026-05-30,0,Complete,Matched
PO500084,2026-05-26,V1002,MAT2023,375,375,354.66,132997.5,2026-06-12,2026-06-12,0,Complete,Matched
PO500085,2026-08-07,V1018,MAT2040,120,120,2206.2,264744.0,2026-08-23,2026-08-23,0,Complete,Matched
PO500086,2026-03-24,V1006,MAT2051,339,339,440.0,149160.0,2026-04-03,2026-04-03,0,Complete,Mismatch
PO500087,2026-02-03,V1011,MAT2030,86,82,1683.66,144794.76,2026-02-23,2026-02-23,0,Partial,Matched
PO500088,2026-07-22,V1022,MAT2014,391,391,1423.37,556537.67,2026-08-08,2026-08-08,0,Complete,Pending
PO500089,2026-02-19,V1000,MAT2033,494,494,708.32,349910.08,2026-03-05,2026-03-05,0,Complete,Matched
PO500090,2026-06-20,V1032,MAT2003,386,386,1231.22,475250.92,2026-07-10,2026-07-10,0,Complete,Matched
PO500091,2026-08-05,V1002,MAT2014,329,329,2212.3,727846.7,2026-08-12,2026-08-12,0,Complete,Pending
PO500092,2026-01-16,V1001,MAT2021,500,471,952.98,476490.0,2026-01-28,2026-01-28,0,Partial,Matched
PO500093,2026-08-09,V1007,MAT2011,177,174,1595.67,282433.59,2026-08-16,2026-08-17,1,Partial,Mismatch
PO500094,2026-06-16,V1008,MAT2076,115,115,1635.22,188050.3,2026-06-19,2026-06-19,0,Complete,Mismatch
PO500095,2026-04-24,V1016,MAT2034,429,388,2144.18,919853.22,2026-05-08,2026-05-10,2,Partial,Matched
PO500096,2026-02-02,V1002,MAT2010,262,262,2404.93,630091.66,2026-02-07,2026-02-08,1,Complete,Pending
PO500097,2026-03-27,V1017,MAT2036,210,210,643.97,135233.7,2026-04-16,2026-04-16,0,Complete,Matched
PO500098,2026-01-20,V1029,MAT2000,191,191,1548.36,295736.76,2026-01-29,2026-01-29,0,Complete,Matched
PO500099,2026-04-19,V1017,MAT2040,323,323,282.62,91286.26,2026-04-27,2026-04-29,2,Complete,Mismatch
PO500100,2026-07-27,V1027,MAT2047,134,125,99.46,13327.64,2026-07-30,2026-07-30,0,Partial,Pending
PO500101,2026-01-03,V1024,MAT2007,149,149,653.6,97386.4,2026-01-15,2026-01-15,0,Complete,Matched
PO500102,2026-01-01,V1023,MAT2022,66,66,328.73,21696.18,2026-01-07,2026-01-07,0,Complete,Matched
PO500103,2026-08-13,V1001,MAT2047,210,205,1407.3,295533.0,2026-08-27,2026-08-27,0,Partial,Matched
PO500104,2026-06-17,V1022,MAT2049,479,479,1823.68,873542.72,2026-06-30,2026-07-03,3,Complete,Matched
PO500105,2026-05-25,V1000,MAT2019,308,308,1719.45,529590.6,2026-06-14,2026-06-14,0,Complete,Matched
PO500106,2026-06-20,V1002,MAT2059,427,427,264.34,112873.18,2026-06-30,2026-06-30,0,Complete,Matched
PO500107,2026-01-23,V1029,MAT2058,59,59,689.55,40683.45,2026-02-11,2026-02-11,0,Complete,Matched
PO500108,2026-06-05,V1034,MAT2001,410,410,792.13,324773.3,2026-06-19,2026-06-19,0,Complete,Matched
PO500109,2026-02-04,V1019,MAT2035,486,486,1828.43,888616.98,2026-02-13,2026-02-13,0,Complete,Pending
PO500110,2026-02-15,V1014,MAT2026,347,325,1962.12,680855.64,2026-02-21,2026-02-21,0,Partial,Pending
PO500111,2026-05-09,V1020,MAT2037,201,201,1489.59,299407.59,2026-05-25,2026-05-25,0,Complete,Mismatch
PO500112,2026-04-02,V1033,MAT2004,138,138,2326.83,321102.54,2026-04-14,2026-04-17,3,Complete,Matched
PO500113,2026-08-20,V1000,MAT2016,147,147,524.03,77032.41,2026-08-27,2026-08-27,0,Complete,Pending
PO500114,2026-01-16,V1011,MAT2050,139,139,1365.41,189791.99,2026-02-01,2026-02-01,0,Complete,Matched
PO500115,2026-06-29,V1010,MAT2010,220,220,1692.97,372453.4,2026-07-09,2026-07-10,1,Complete,Mismatch
PO500116,2026-02-15,V1016,MAT2075,184,171,1056.06,194315.04,2026-03-06,2026-03-06,0,Partial,Matched
PO500117,2026-01-31,V1009,MAT2071,200,200,2431.46,486292.0,2026-02-15,2026-02-20,5,Complete,Matched
PO500118,2026-06-23,V1027,MAT2009,312,312,249.94,77981.28,2026-06-29,2026-06-29,0,Complete,Pending
PO500119,2026-02-14,V1025,MAT2042,28,28,133.27,3731.56,2026-03-05,2026-03-06,1,Complete,Matched
PO500120,2026-08-13,V1026,MAT2037,430,430,1708.84,734801.2,2026-08-30,2026-08-30,0,Complete,Matched
PO500121,2026-07-04,V1027,MAT2020,131,131,427.19,55961.89,2026-07-16,2026-07-16,0,Complete,Matched
PO500122,2026-06-14,V1023,MAT2009,66,66,2073.41,136845.06,2026-07-01,2026-07-01,0,Complete,Matched
PO500123,2026-02-06,V1002,MAT2072,177,177,1484.89,262825.53,2026-02-23,2026-02-28,5,Complete,Matched
PO500124,2026-02-04,V1034,MAT2036,39,38,1838.58,71704.62,2026-02-13,2026-02-13,0,Partial,Matched
PO500125,2026-03-17,V1012,MAT2059,440,410,425.27,187118.8,2026-04-01,2026-04-03,2,Partial,Matched
PO500126,2026-04-05,V1019,MAT2015,155,143,2207.58,342174.9,2026-04-12,2026-04-12,0,Partial,Matched
PO500127,2026-04-12,V1018,MAT2064,195,195,745.58,145388.1,2026-04-27,2026-05-05,8,Complete,Matched
PO500128,2026-03-31,V1015,MAT2004,136,136,257.64,35039.04,2026-04-06,2026-04-06,0,Complete,Matched
PO500129,2026-04-10,V1032,MAT2062,155,155,1564.29,242464.95,2026-04-28,2026-05-06,8,Complete,Matched
PO500130,2026-06-03,V1032,MAT2056,478,478,2001.88,956898.64,2026-06-09,2026-06-11,2,Complete,Pending
PO500131,2026-05-29,V1018,MAT2002,326,323,423.13,137940.38,2026-06-04,2026-06-06,2,Partial,Matched
PO500132,2026-02-10,V1024,MAT2074,144,144,1048.71,151014.24,2026-02-26,2026-02-26,0,Complete,Matched
PO500133,2026-08-07,V1021,MAT2003,352,352,2143.91,754656.32,2026-08-13,2026-08-13,0,Complete,Matched
PO500134,2026-04-19,V1028,MAT2037,351,351,487.48,171105.48,2026-05-07,2026-05-07,0,Complete,Matched
PO500135,2026-08-07,V1004,MAT2058,61,61,783.08,47767.88,2026-08-19,2026-08-24,5,Complete,Mismatch
PO500136,2026-06-25,V1003,MAT2047,463,463,2094.06,969549.78,2026-07-14,2026-07-16,2,Complete,Pending
PO500137,2026-06-30,V1027,MAT2034,49,47,1707.69,83676.81,2026-07-18,2026-07-18,0,Partial,Matched
PO500138,2026-08-21,V1003,MAT2074,441,415,889.33,392194.53,2026-09-10,2026-09-10,0,Partial,Mismatch
PO500139,2026-03-19,V1030,MAT2005,31,31,685.08,21237.48,2026-03-30,2026-03-30,0,Complete,Matched
PO500140,2026-05-06,V1011,MAT2079,246,246,73.44,18066.24,2026-05-23,2026-05-23,0,Complete,Matched
PO500141,2026-04-13,V1002,MAT2071,435,435,692.56,301263.6,2026-04-26,2026-04-26,0,Complete,Matched
PO500142,2026-01-13,V1027,MAT2031,294,294,1650.05,485114.7,2026-01-21,2026-01-21,0,Complete,Matched
PO500143,2026-03-03,V1012,MAT2046,368,368,271.14,99779.52,2026-03-06,2026-03-06,0,Complete,Mismatch
PO500144,2026-08-27,V1022,MAT2026,126,118,1329.76,167549.76,2026-08-31,2026-08-31,0,Partial,Mismatch
PO500145,2026-04-25,V1010,MAT2020,310,310,725.65,224951.5,2026-05-06,2026-05-06,0,Complete,Matched
PO500146,2026-03-16,V1003,MAT2045,207,207,1576.88,326414.16,2026-03-27,2026-03-28,1,Complete,Matched
PO500147,2026-07-06,V1012,MAT2021,379,379,38.95,14762.05,2026-07-26,2026-07-26,0,Complete,Matched
PO500148,2026-08-28,V1010,MAT2056,273,264,2435.55,664905.15,2026-09-16,2026-09-16,0,Partial,Matched
PO500149,2026-06-29,V1001,MAT2010,56,56,498.2,27899.2,2026-07-06,2026-07-06,0,Complete,Mismatch
PO500150,2026-02-10,V1034,MAT2062,337,337,1101.32,371144.84,2026-02-24,2026-02-24,0,Complete,Matched
PO500151,2026-02-21,V1008,MAT2015,212,212,1052.32,223091.84,2026-02-24,2026-03-04,8,Complete,Matched
PO500152,2026-08-29,V1025,MAT2047,474,474,1319.31,625352.94,2026-09-18,2026-09-23,5,Complete,Matched
PO500153,2026-05-25,V1029,MAT2053,246,246,1073.09,263980.14,2026-06-11,2026-06-11,0,Complete,Mismatch
PO500154,2026-02-26,V1034,MAT2047,398,398,110.99,44174.02,2026-03-05,2026-03-10,5,Complete,Matched
PO500155,2026-01-02,V1033,MAT2034,183,183,1489.51,272580.33,2026-01-11,2026-01-11,0,Complete,Matched
PO500156,2026-03-16,V1005,MAT2017,33,33,89.93,2967.69,2026-03-21,2026-03-21,0,Complete,Matched
PO500157,2026-01-09,V1028,MAT2012,71,70,940.24,66757.04,2026-01-26,2026-01-26,0,Partial,Mismatch
PO500158,2026-05-13,V1006,MAT2002,473,473,1395.45,660047.85,2026-05-30,2026-05-30,0,Complete,Matched
PO500159,2026-04-30,V1000,MAT2035,226,226,2446.59,552929.34,2026-05-17,2026-05-17,0,Complete,Matched
PO500160,2026-05-20,V1027,MAT2079,403,403,1459.59,588214.77,2026-06-02,2026-06-02,0,Complete,Matched
PO500161,2026-03-29,V1007,MAT2042,406,406,1355.79,550450.74,2026-04-09,2026-04-09,0,Complete,Matched
PO500162,2026-06-14,V1010,MAT2072,115,115,2319.55,266748.25,2026-07-01,2026-07-01,0,Complete,Matched
PO500163,2026-05-21,V1001,MAT2016,208,208,972.31,202240.48,2026-05-28,2026-05-29,1,Complete,Pending
PO500164,2026-07-10,V1005,MAT2057,430,430,936.07,402510.1,2026-07-16,2026-07-16,0,Complete,Pending
PO500165,2026-04-13,V1001,MAT2000,296,296,1080.79,319913.84,2026-04-24,2026-04-26,2,Complete,Pending
PO500166,2026-03-24,V1019,MAT2036,438,438,485.84,212797.92,2026-04-09,2026-04-09,0,Complete,Pending
PO500167,2026-05-19,V1006,MAT2058,295,274,335.65,99016.75,2026-05-31,2026-05-31,0,Partial,Mismatch
PO500168,2026-03-10,V1012,MAT2044,76,76,808.49,61445.24,2026-03-16,2026-03-16,0,Complete,Matched
PO500169,2026-04-08,V1021,MAT2050,498,498,1182.32,588795.36,2026-04-15,2026-04-15,0,Complete,Mismatch
PO500170,2026-07-10,V1007,MAT2045,252,238,1071.12,269922.24,2026-07-21,2026-07-26,5,Partial,Matched
PO500171,2026-05-09,V1016,MAT2060,141,141,2197.06,309785.46,2026-05-19,2026-05-21,2,Complete,Pending
PO500172,2026-04-07,V1013,MAT2005,9,9,1551.21,13960.89,2026-04-23,2026-04-24,1,Complete,Matched
PO500173,2026-02-05,V1021,MAT2016,412,412,491.35,202436.2,2026-02-20,2026-02-20,0,Complete,Matched
PO500174,2026-04-23,V1011,MAT2003,109,109,2280.81,248608.29,2026-05-09,2026-05-09,0,Complete,Matched
PO500175,2026-03-28,V1027,MAT2000,447,447,1758.95,786250.65,2026-04-08,2026-04-09,1,Complete,Mismatch
PO500176,2026-05-10,V1004,MAT2020,67,66,2376.81,159246.27,2026-05-14,2026-05-14,0,Partial,Mismatch
PO500177,2026-02-10,V1000,MAT2060,319,319,357.41,114013.79,2026-02-20,2026-02-20,0,Complete,Mismatch
PO500178,2026-07-13,V1020,MAT2040,174,174,1969.63,342715.62,2026-07-27,2026-07-27,0,Complete,Matched
PO500179,2026-03-19,V1031,MAT2057,25,23,297.97,7449.25,2026-04-06,2026-04-06,0,Partial,Pending
PO500180,2026-03-16,V1022,MAT2050,203,203,836.89,169888.67,2026-03-20,2026-03-22,2,Complete,Matched
PO500181,2026-04-04,V1009,MAT2043,116,116,375.25,43529.0,2026-04-07,2026-04-07,0,Complete,Pending
PO500182,2026-07-05,V1016,MAT2055,353,342,190.7,67317.1,2026-07-15,2026-07-16,1,Partial,Pending
PO500183,2026-03-15,V1023,MAT2061,343,343,150.8,51724.4,2026-04-03,2026-04-03,0,Complete,Mismatch
PO500184,2026-06-07,V1015,MAT2011,75,75,1184.88,88866.0,2026-06-16,2026-06-16,0,Complete,Matched
PO500185,2026-04-14,V1023,MAT2033,416,416,1626.46,676607.36,2026-04-19,2026-04-19,0,Complete,Matched
PO500186,2026-06-05,V1029,MAT2066,49,49,998.3,48916.7,2026-06-15,2026-06-15,0,Complete,Mismatch
PO500187,2026-02-17,V1033,MAT2047,190,190,460.2,87438.0,2026-02-26,2026-02-26,0,Complete,Pending
PO500188,2026-07-05,V1027,MAT2071,77,77,1244.73,95844.21,2026-07-19,2026-07-19,0,Complete,Matched
PO500189,2026-01-08,V1024,MAT2078,119,119,2387.1,284064.9,2026-01-13,2026-01-13,0,Complete,Matched
PO500190,2026-02-28,V1011,MAT2002,61,61,2342.18,142872.98,2026-03-16,2026-03-19,3,Complete,Mismatch
PO500191,2026-03-01,V1019,MAT2041,98,98,89.77,8797.46,2026-03-15,2026-03-15,0,Complete,Pending
PO500192,2026-05-04,V1020,MAT2044,377,377,1363.95,514209.15,2026-05-21,2026-05-21,0,Complete,Matched
PO500193,2026-02-17,V1001,MAT2078,247,247,1350.66,333613.02,2026-02-24,2026-02-24,0,Complete,Matched
PO500194,2026-03-21,V1030,MAT2075,156,156,351.09,54770.04,2026-03-26,2026-03-26,0,Complete,Matched
PO500195,2026-03-14,V1034,MAT2073,447,418,683.78,305649.66,2026-03-30,2026-03-30,0,Partial,Pending
PO500196,2026-08-11,V1009,MAT2042,363,363,295.34,107208.42,2026-08-16,2026-08-16,0,Complete,Mismatch
PO500197,2026-08-11,V1016,MAT2062,27,27,1574.02,42498.54,2026-08-15,2026-08-16,1,Complete,Matched
PO500198,2026-07-10,V1032,MAT2033,11,10,2188.37,24072.07,2026-07-19,2026-07-19,0,Partial,Matched
PO500199,2026-08-17,V1007,MAT2022,52,52,463.28,24090.56,2026-09-03,2026-09-03,0,Complete,Matched
PO500200,2026-07-23,V1002,MAT2077,8,8,1782.78,14262.24,2026-07-26,2026-07-26,0,Complete,Mismatch
PO500201,2026-06-19,V1015,MAT2030,491,491,34.23,16806.93,2026-06-22,2026-06-22,0,Complete,Matched
PO500202,2026-03-27,V1033,MAT2049,421,421,954.34,401777.14,2026-03-31,2026-03-31,0,Complete,Pending
PO500203,2026-07-22,V1004,MAT2039,440,440,281.46,123842.4,2026-08-10,2026-08-10,0,Complete,Mismatch
PO500204,2026-06-11,V1011,MAT2031,172,160,1614.76,277738.72,2026-06-26,2026-06-29,3,Partial,Pending
PO500205,2026-03-13,V1018,MAT2004,355,355,2071.2,735276.0,2026-03-23,2026-03-23,0,Complete,Mismatch
PO500206,2026-05-19,V1003,MAT2009,142,142,2019.66,286791.72,2026-06-04,2026-06-04,0,Complete,Pending
PO500207,2026-08-17,V1009,MAT2034,301,301,975.66,293673.66,2026-09-05,2026-09-05,0,Complete,Matched
PO500208,2026-07-04,V1000,MAT2074,201,200,2306.11,463528.11,2026-07-11,2026-07-19,8,Partial,Matched
PO500209,2026-08-21,V1031,MAT2017,344,312,497.03,170978.32,2026-08-31,2026-08-31,0,Partial,Pending
PO500210,2026-04-24,V1000,MAT2025,373,347,1373.14,512181.22,2026-05-04,2026-05-04,0,Partial,Matched
PO500211,2026-05-04,V1031,MAT2004,446,446,1034.62,461440.52,2026-05-11,2026-05-11,0,Complete,Mismatch
PO500212,2026-01-10,V1003,MAT2059,168,168,1550.6,260500.8,2026-01-20,2026-01-20,0,Complete,Pending
PO500213,2026-02-05,V1033,MAT2032,66,66,2362.51,155925.66,2026-02-19,2026-02-19,0,Complete,Matched
PO500214,2026-05-05,V1002,MAT2055,151,151,775.59,117114.09,2026-05-09,2026-05-09,0,Complete,Matched
PO500215,2026-04-07,V1004,MAT2072,223,223,1818.13,405442.99,2026-04-14,2026-04-14,0,Complete,Pending
PO500216,2026-08-22,V1019,MAT2068,323,323,1581.14,510708.22,2026-08-31,2026-08-31,0,Complete,Matched
PO500217,2026-06-25,V1010,MAT2031,61,59,428.08,26112.88,2026-07-07,2026-07-07,0,Partial,Mismatch
PO500218,2026-03-24,V1012,MAT2022,90,90,512.34,46110.6,2026-04-02,2026-04-07,5,Complete,Matched
PO500219,2026-05-16,V1012,MAT2066,389,389,1065.7,414557.3,2026-06-05,2026-06-05,0,Complete,Matched
PO500220,2026-05-10,V1025,MAT2026,238,238,1177.06,280140.28,2026-05-17,2026-05-19,2,Complete,Pending
PO500221,2026-02-17,V1022,MAT2031,218,218,555.82,121168.76,2026-03-07,2026-03-07,0,Complete,Matched
PO500222,2026-05-17,V1008,MAT2020,93,93,1902.55,176937.15,2026-05-25,2026-05-26,1,Complete,Matched
PO500223,2026-06-25,V1025,MAT2027,62,60,1487.14,92202.68,2026-07-06,2026-07-09,3,Partial,Mismatch
PO500224,2026-04-28,V1034,MAT2043,323,316,552.04,178308.92,2026-05-10,2026-05-10,0,Partial,Pending
PO500225,2026-04-18,V1015,MAT2057,368,368,1222.06,449718.08,2026-05-01,2026-05-01,0,Complete,Matched
PO500226,2026-01-08,V1015,MAT2015,349,349,2357.43,822743.07,2026-01-14,2026-01-14,0,Complete,Mismatch
PO500227,2026-07-26,V1028,MAT2034,409,376,1220.36,499127.24,2026-08-10,2026-08-12,2,Partial,Matched
PO500228,2026-06-04,V1023,MAT2013,75,75,2022.85,151713.75,2026-06-19,2026-06-20,1,Complete,Matched
PO500229,2026-07-30,V1011,MAT2072,137,137,1152.02,157826.74,2026-08-03,2026-08-03,0,Complete,Matched
PO500230,2026-02-16,V1027,MAT2059,359,359,2113.46,758732.14,2026-03-07,2026-03-07,0,Complete,Pending
PO500231,2026-03-10,V1013,MAT2020,349,349,1959.37,683820.13,2026-03-21,2026-03-21,0,Complete,Matched
PO500232,2026-08-12,V1016,MAT2032,191,186,1614.81,308428.71,2026-08-30,2026-09-04,5,Partial,Matched
PO500233,2026-08-24,V1029,MAT2033,72,72,1463.75,105390.0,2026-09-10,2026-09-10,0,Complete,Matched
PO500234,2026-03-25,V1019,MAT2040,148,148,23.49,3476.52,2026-04-06,2026-04-06,0,Complete,Mismatch
PO500235,2026-04-01,V1019,MAT2007,385,385,2448.18,942549.3,2026-04-08,2026-04-11,3,Complete,Matched
PO500236,2026-03-23,V1030,MAT2061,160,160,540.55,86488.0,2026-03-29,2026-03-29,0,Complete,Pending
PO500237,2026-08-08,V1032,MAT2009,94,94,793.1,74551.4,2026-08-21,2026-08-21,0,Complete,Pending
PO500238,2026-07-04,V1024,MAT2070,155,143,471.42,73070.1,2026-07-22,2026-07-22,0,Partial,Matched
PO500239,2026-03-15,V1030,MAT2028,256,256,2445.91,626152.96,2026-03-30,2026-03-30,0,Complete,Pending
PO500240,2026-04-07,V1030,MAT2062,484,453,1420.95,687739.8,2026-04-22,2026-04-23,1,Partial,Matched
PO500241,2026-05-04,V1025,MAT2050,181,181,1694.31,306670.11,2026-05-09,2026-05-09,0,Complete,Matched
PO500242,2026-07-11,V1027,MAT2017,10,10,2481.93,24819.3,2026-07-23,2026-07-23,0,Complete,Matched
PO500243,2026-08-04,V1012,MAT2030,13,13,785.14,10206.82,2026-08-09,2026-08-10,1,Complete,Mismatch
PO500244,2026-04-28,V1023,MAT2005,167,167,2298.61,383867.87,2026-05-08,2026-05-08,0,Complete,Matched
PO500245,2026-02-21,V1029,MAT2031,62,62,1699.91,105394.42,2026-03-09,2026-03-09,0,Complete,Mismatch
PO500246,2026-08-04,V1029,MAT2003,363,340,1982.32,719582.16,2026-08-15,2026-08-15,0,Partial,Pending
PO500247,2026-04-20,V1002,MAT2019,148,148,1006.64,148982.72,2026-05-10,2026-05-10,0,Complete,Pending
PO500248,2026-06-29,V1002,MAT2064,445,419,148.74,66189.3,2026-07-05,2026-07-05,0,Partial,Pending
PO500249,2026-07-21,V1021,MAT2016,146,146,1812.28,264592.88,2026-08-03,2026-08-03,0,Complete,Matched
PO500250,2026-02-13,V1000,MAT2031,492,456,1462.96,719776.32,2026-03-02,2026-03-02,0,Partial,Matched
PO500251,2026-07-01,V1023,MAT2022,255,246,2103.63,536425.65,2026-07-16,2026-07-21,5,Partial,Mismatch
PO500252,2026-07-23,V1002,MAT2010,470,470,1489.69,700154.3,2026-07-26,2026-07-26,0,Complete,Matched
PO500253,2026-03-10,V1026,MAT2000,203,203,826.67,167814.01,2026-03-18,2026-03-18,0,Complete,Matched
PO500254,2026-07-29,V1023,MAT2074,458,458,1511.59,692308.22,2026-08-06,2026-08-06,0,Complete,Matched
PO500255,2026-03-20,V1004,MAT2031,265,265,2481.6,657624.0,2026-03-23,2026-03-23,0,Complete,Matched
PO500256,2026-02-27,V1005,MAT2063,26,26,1196.52,31109.52,2026-03-17,2026-03-20,3,Complete,Matched
PO500257,2026-03-27,V1026,MAT2074,305,305,1160.66,354001.3,2026-04-12,2026-04-17,5,Complete,Pending
PO500258,2026-08-13,V1025,MAT2013,372,360,1817.54,676124.88,2026-08-20,2026-08-20,0,Partial,Mismatch
PO500259,2026-07-30,V1010,MAT2052,47,47,1657.62,77908.14,2026-08-18,2026-08-18,0,Complete,Matched
PO500260,2026-07-31,V1017,MAT2030,130,130,2301.51,299196.3,2026-08-11,2026-08-11,0,Complete,Pending
PO500261,2026-02-25,V1022,MAT2073,316,289,863.78,272954.48,2026-03-11,2026-03-11,0,Partial,Matched
PO500262,2026-05-22,V1009,MAT2042,134,134,2011.11,269488.74,2026-06-03,2026-06-06,3,Complete,Mismatch
PO500263,2026-02-23,V1015,MAT2064,29,29,510.4,14801.6,2026-03-03,2026-03-03,0,Complete,Mismatch
PO500264,2026-01-11,V1029,MAT2076,386,386,1951.6,753317.6,2026-01-23,2026-01-23,0,Complete,Mismatch
PO500265,2026-02-11,V1019,MAT2060,288,288,2336.52,672917.76,2026-02-20,2026-02-20,0,Complete,Pending
PO500266,2026-04-23,V1020,MAT2053,499,499,1523.48,760216.52,2026-05-11,2026-05-12,1,Complete,Mismatch
PO500267,2026-03-08,V1017,MAT2053,323,323,231.69,74835.87,2026-03-21,2026-03-21,0,Complete,Matched
PO500268,2026-02-11,V1010,MAT2060,379,379,1743.29,660706.91,2026-02-28,2026-02-28,0,Complete,Matched
PO500269,2026-04-27,V1003,MAT2022,30,28,1641.04,49231.2,2026-05-16,2026-05-18,2,Partial,Matched
PO500270,2026-02-14,V1002,MAT2009,452,452,1011.86,457360.72,2026-02-17,2026-02-17,0,Complete,Pending
PO500271,2026-03-22,V1010,MAT2041,439,439,1678.82,737001.98,2026-04-07,2026-04-07,0,Complete,Matched
PO500272,2026-05-11,V1008,MAT2044,155,155,28.85,4471.75,2026-05-27,2026-05-27,0,Complete,Matched
PO500273,2026-07-02,V1005,MAT2019,381,381,1877.73,715415.13,2026-07-20,2026-07-22,2,Complete,Pending
PO500274,2026-03-14,V1018,MAT2019,442,442,98.31,43453.02,2026-04-03,2026-04-03,0,Complete,Mismatch
PO500275,2026-05-24,V1024,MAT2016,239,239,1368.42,327052.38,2026-06-01,2026-06-02,1,Complete,Matched
PO500276,2026-06-17,V1034,MAT2005,223,223,51.15,11406.45,2026-06-26,2026-06-26,0,Complete,Mismatch
PO500277,2026-06-03,V1015,MAT2069,61,57,385.58,23520.38,2026-06-22,2026-06-22,0,Partial,Matched
PO500278,2026-04-02,V1004,MAT2005,404,404,1548.89,625751.56,2026-04-15,2026-04-16,1,Complete,Pending
PO500279,2026-05-04,V1033,MAT2074,75,70,427.82,32086.5,2026-05-24,2026-05-24,0,Partial,Mismatch
PO500280,2026-05-16,V1025,MAT2001,415,393,909.08,377268.2,2026-05-25,2026-05-25,0,Partial,Matched
PO500281,2026-03-14,V1013,MAT2038,445,445,1207.73,537439.85,2026-03-22,2026-03-22,0,Complete,Matched
PO500282,2026-03-14,V1006,MAT2053,120,120,95.15,11418.0,2026-03-30,2026-03-30,0,Complete,Matched
PO500283,2026-03-03,V1026,MAT2010,9,9,483.48,4351.32,2026-03-12,2026-03-12,0,Complete,Matched
PO500284,2026-08-04,V1000,MAT2033,158,158,2360.85,373014.3,2026-08-24,2026-08-24,0,Complete,Matched
PO500285,2026-07-19,V1003,MAT2066,279,279,1723.21,480775.59,2026-07-30,2026-07-31,1,Complete,Matched
PO500286,2026-07-06,V1005,MAT2007,132,132,96.9,12790.8,2026-07-18,2026-07-18,0,Complete,Matched
PO500287,2026-07-29,V1026,MAT2055,25,25,1298.07,32451.75,2026-08-02,2026-08-02,0,Complete,Matched
PO500288,2026-01-30,V1010,MAT2026,318,318,1593.36,506688.48,2026-02-18,2026-02-18,0,Complete,Mismatch
PO500289,2026-03-22,V1025,MAT2015,171,171,2404.43,411157.53,2026-03-28,2026-03-28,0,Complete,Matched
PO500290,2026-05-22,V1019,MAT2027,325,325,2067.45,671921.25,2026-05-29,2026-05-30,1,Complete,Pending
PO500291,2026-02-20,V1007,MAT2037,480,480,1445.54,693859.2,2026-03-05,2026-03-06,1,Complete,Pending
PO500292,2026-05-13,V1024,MAT2060,257,257,755.01,194037.57,2026-05-28,2026-05-28,0,Complete,Mismatch
PO500293,2026-04-06,V1008,MAT2068,482,482,1713.4,825858.8,2026-04-21,2026-05-03,12,Complete,Matched
PO500294,2026-08-17,V1014,MAT2052,389,389,1398.43,543989.27,2026-08-21,2026-08-21,0,Complete,Mismatch
PO500295,2026-06-08,V1010,MAT2039,365,365,261.14,95316.1,2026-06-14,2026-06-14,0,Complete,Matched
PO500296,2026-03-29,V1006,MAT2043,46,46,2441.58,112312.68,2026-04-17,2026-04-17,0,Complete,Matched
PO500297,2026-02-25,V1013,MAT2007,448,448,480.56,215290.88,2026-03-02,2026-03-07,5,Complete,Pending
PO500298,2026-02-07,V1014,MAT2013,15,15,2094.96,31424.4,2026-02-20,2026-02-23,3,Complete,Matched
PO500299,2026-04-14,V1026,MAT2007,353,353,2281.03,805203.59,2026-05-03,2026-05-04,1,Complete,Mismatch
PO500300,2026-01-02,V1029,MAT2038,366,347,408.27,149426.82,2026-01-10,2026-01-10,0,Partial,Matched
PO500301,2026-07-05,V1021,MAT2063,491,491,2275.03,1117039.73,2026-07-23,2026-07-24,1,Complete,Matched
PO500302,2026-04-02,V1022,MAT2077,118,109,190.35,22461.3,2026-04-05,2026-04-05,0,Partial,Matched
PO500303,2026-04-10,V1022,MAT2059,306,306,2371.36,725636.16,2026-04-19,2026-04-19,0,Complete,Matched
PO500304,2026-08-28,V1003,MAT2031,6,6,508.43,3050.58,2026-09-12,2026-09-15,3,Complete,Mismatch
PO500305,2026-05-05,V1024,MAT2005,397,397,2323.36,922373.92,2026-05-13,2026-05-18,5,Complete,Matched
PO500306,2026-06-14,V1022,MAT2001,448,448,373.71,167422.08,2026-06-17,2026-06-18,1,Complete,Matched
PO500307,2026-08-21,V1002,MAT2014,277,277,524.09,145172.93,2026-09-01,2026-09-01,0,Complete,Matched
PO500308,2026-06-17,V1027,MAT2046,324,306,2380.63,771324.12,2026-06-23,2026-06-23,0,Partial,Matched
PO500309,2026-05-26,V1034,MAT2057,223,223,2481.07,553278.61,2026-06-14,2026-06-14,0,Complete,Matched
PO500310,2026-07-09,V1017,MAT2073,475,475,276.38,131280.5,2026-07-18,2026-07-18,0,Complete,Matched
PO500311,2026-04-28,V1017,MAT2049,312,312,1333.71,416117.52,2026-05-01,2026-05-13,12,Complete,Mismatch
PO500312,2026-05-05,V1017,MAT2052,308,308,1057.07,325577.56,2026-05-13,2026-05-13,0,Complete,Mismatch
PO500313,2026-04-02,V1019,MAT2036,69,69,478.86,33041.34,2026-04-13,2026-04-25,12,Complete,Matched
PO500314,2026-05-07,V1021,MAT2068,293,293,367.17,107580.81,2026-05-27,2026-06-01,5,Complete,Mismatch
PO500315,2026-01-19,V1014,MAT2029,92,92,725.85,66778.2,2026-01-28,2026-01-28,0,Complete,Matched
PO500316,2026-03-21,V1002,MAT2050,187,187,1262.4,236068.8,2026-04-09,2026-04-14,5,Complete,Matched
PO500317,2026-05-03,V1010,MAT2078,112,112,1362.7,152622.4,2026-05-19,2026-05-19,0,Complete,Matched
PO500318,2026-08-03,V1030,MAT2078,270,270,1071.62,289337.4,2026-08-12,2026-08-15,3,Complete,Pending
PO500319,2026-04-30,V1004,MAT2011,365,365,796.52,290729.8,2026-05-11,2026-05-11,0,Complete,Matched
PO500320,2026-08-13,V1001,MAT2079,338,338,412.0,139256.0,2026-08-16,2026-08-21,5,Complete,Mismatch
PO500321,2026-04-12,V1022,MAT2008,388,377,2029.45,787426.6,2026-04-30,2026-04-30,0,Partial,Mismatch
PO500322,2026-03-03,V1022,MAT2046,330,330,1033.21,340959.3,2026-03-12,2026-03-13,1,Complete,Matched
PO500323,2026-05-21,V1000,MAT2047,140,140,345.22,48330.8,2026-05-24,2026-05-24,0,Complete,Matched
PO500324,2026-03-13,V1015,MAT2063,181,181,1734.05,313863.05,2026-03-18,2026-03-19,1,Complete,Mismatch
PO500325,2026-08-15,V1002,MAT2009,274,266,491.91,134783.34,2026-08-30,2026-09-04,5,Partial,Mismatch
PO500326,2026-04-13,V1014,MAT2078,381,345,738.08,281208.48,2026-04-27,2026-04-27,0,Partial,Matched
PO500327,2026-06-09,V1034,MAT2020,262,262,371.96,97453.52,2026-06-13,2026-06-13,0,Complete,Matched
PO500328,2026-06-21,V1004,MAT2002,442,442,1758.64,777318.88,2026-07-09,2026-07-09,0,Complete,Matched
PO500329,2026-01-26,V1005,MAT2040,292,279,690.94,201754.48,2026-02-05,2026-02-05,0,Partial,Matched
PO500330,2026-07-04,V1019,MAT2079,420,382,2355.69,989389.8,2026-07-15,2026-07-15,0,Partial,Mismatch
PO500331,2026-02-16,V1020,MAT2033,454,454,937.59,425665.86,2026-02-22,2026-02-22,0,Complete,Pending
PO500332,2026-07-21,V1032,MAT2033,154,154,566.06,87173.24,2026-08-10,2026-08-10,0,Complete,Matched
PO500333,2026-06-30,V1027,MAT2023,474,474,2364.84,1120934.16,2026-07-09,2026-07-09,0,Complete,Mismatch
PO500334,2026-02-18,V1021,MAT2042,58,58,987.51,57275.58,2026-03-02,2026-03-02,0,Complete,Matched
PO500335,2026-06-09,V1006,MAT2072,342,326,2096.94,717153.48,2026-06-26,2026-06-26,0,Partial,Matched
PO500336,2026-05-20,V1028,MAT2010,81,81,58.12,4707.72,2026-06-07,2026-06-07,0,Complete,Mismatch
PO500337,2026-02-01,V1022,MAT2077,331,331,734.73,243195.63,2026-02-15,2026-02-15,0,Complete,Matched
PO500338,2026-08-27,V1008,MAT2038,254,254,1439.84,365719.36,2026-09-02,2026-09-02,0,Complete,Mismatch
PO500339,2026-08-08,V1021,MAT2050,196,196,1493.25,292677.0,2026-08-17,2026-08-22,5,Complete,Pending
PO500340,2026-07-15,V1012,MAT2018,61,61,2413.6,147229.6,2026-07-24,2026-07-24,0,Complete,Pending
PO500341,2026-08-14,V1025,MAT2023,349,349,1301.42,454195.58,2026-08-29,2026-09-03,5,Complete,Matched
PO500342,2026-07-08,V1026,MAT2018,72,72,42.58,3065.76,2026-07-23,2026-07-23,0,Complete,Pending
PO500343,2026-01-18,V1034,MAT2044,361,361,704.64,254375.04,2026-01-27,2026-01-27,0,Complete,Matched
PO500344,2026-08-02,V1016,MAT2045,468,468,680.89,318656.52,2026-08-10,2026-08-13,3,Complete,Matched
PO500345,2026-05-23,V1005,MAT2029,161,161,1004.72,161759.92,2026-05-27,2026-05-27,0,Complete,Matched
PO500346,2026-01-29,V1021,MAT2028,41,41,1320.19,54127.79,2026-02-17,2026-02-17,0,Complete,Pending
PO500347,2026-03-09,V1014,MAT2048,234,226,567.31,132750.54,2026-03-12,2026-03-12,0,Partial,Matched
PO500348,2026-03-10,V1019,MAT2027,93,93,1718.6,159829.8,2026-03-17,2026-03-17,0,Complete,Pending
PO500349,2026-03-19,V1002,MAT2077,87,85,2226.39,193695.93,2026-04-03,2026-04-03,0,Partial,Matched
PO500350,2026-01-04,V1021,MAT2017,487,450,1083.55,527688.85,2026-01-08,2026-01-10,2,Partial,Matched
PO500351,2026-07-24,V1032,MAT2072,202,202,2252.86,455077.72,2026-07-31,2026-07-31,0,Complete,Matched
PO500352,2026-05-03,V1031,MAT2027,284,284,2005.61,569593.24,2026-05-13,2026-05-15,2,Complete,Pending
PO500353,2026-06-12,V1010,MAT2038,478,478,1520.76,726923.28,2026-06-29,2026-07-02,3,Complete,Mismatch
PO500354,2026-01-10,V1010,MAT2077,271,271,1165.62,315883.02,2026-01-28,2026-01-28,0,Complete,Matched
PO500355,2026-02-07,V1029,MAT2005,164,164,1589.56,260687.84,2026-02-14,2026-02-19,5,Complete,Matched
PO500356,2026-08-21,V1033,MAT2018,495,495,39.49,19547.55,2026-08-27,2026-08-27,0,Complete,Matched
PO500357,2026-04-18,V1014,MAT2013,470,470,2123.12,997866.4,2026-05-03,2026-05-03,0,Complete,Pending
PO500358,2026-04-03,V1034,MAT2025,484,484,32.29,15628.36,2026-04-23,2026-04-23,0,Complete,Matched
PO500359,2026-04-18,V1025,MAT2079,417,417,2063.12,860321.04,2026-05-05,2026-05-05,0,Complete,Matched
PO500360,2026-04-12,V1002,MAT2000,41,41,2040.8,83672.8,2026-04-29,2026-05-02,3,Complete,Pending
PO500361,2026-04-21,V1001,MAT2002,326,326,48.35,15762.1,2026-04-29,2026-04-29,0,Complete,Mismatch
PO500362,2026-01-06,V1007,MAT2058,412,412,1870.05,770460.6,2026-01-25,2026-01-26,1,Complete,Matched
PO500363,2026-08-08,V1016,MAT2053,28,27,1264.52,35406.56,2026-08-21,2026-08-21,0,Partial,Mismatch
PO500364,2026-02-22,V1020,MAT2000,362,362,1476.55,534511.1,2026-03-03,2026-03-03,0,Complete,Pending
PO500365,2026-03-03,V1024,MAT2050,126,126,1296.59,163370.34,2026-03-17,2026-03-17,0,Complete,Matched
PO500366,2026-08-18,V1024,MAT2000,87,87,1130.56,98358.72,2026-08-22,2026-08-22,0,Complete,Matched
PO500367,2026-07-17,V1034,MAT2015,396,396,2392.38,947382.48,2026-07-27,2026-07-27,0,Complete,Pending
PO500368,2026-05-12,V1019,MAT2066,399,399,821.05,327598.95,2026-05-31,2026-05-31,0,Complete,Mismatch
PO500369,2026-02-27,V1000,MAT2062,99,99,1306.48,129341.52,2026-03-06,2026-03-09,3,Complete,Pending
PO500370,2026-02-20,V1008,MAT2050,433,416,1547.45,670045.85,2026-03-10,2026-03-10,0,Partial,Matched
PO500371,2026-06-20,V1032,MAT2048,422,422,2057.12,868104.64,2026-07-02,2026-07-02,0,Complete,Matched
PO500372,2026-06-25,V1006,MAT2040,20,20,2287.74,45754.8,2026-06-30,2026-06-30,0,Complete,Pending
PO500373,2026-05-12,V1018,MAT2018,317,317,739.47,234411.99,2026-05-19,2026-05-19,0,Complete,Matched
PO500374,2026-02-03,V1013,MAT2073,291,291,343.95,100089.45,2026-02-07,2026-02-07,0,Complete,Mismatch
PO500375,2026-03-10,V1013,MAT2068,117,117,674.9,78963.3,2026-03-25,2026-03-26,1,Complete,Matched
PO500376,2026-08-04,V1015,MAT2064,163,163,2018.71,329049.73,2026-08-16,2026-08-16,0,Complete,Matched
PO500377,2026-01-05,V1027,MAT2027,324,324,1848.09,598781.16,2026-01-09,2026-01-11,2,Complete,Mismatch
PO500378,2026-01-09,V1026,MAT2040,200,200,2082.27,416454.0,2026-01-22,2026-01-22,0,Complete,Matched
PO500379,2026-04-14,V1011,MAT2010,314,314,1864.44,585434.16,2026-04-22,2026-04-22,0,Complete,Matched
PO500380,2026-01-03,V1000,MAT2045,444,444,1199.95,532777.8,2026-01-20,2026-01-21,1,Complete,Matched
PO500381,2026-03-10,V1030,MAT2017,323,323,1798.28,580844.44,2026-03-18,2026-03-18,0,Complete,Pending
PO500382,2026-04-26,V1015,MAT2003,105,105,1381.77,145085.85,2026-04-30,2026-04-30,0,Complete,Mismatch
PO500383,2026-02-28,V1019,MAT2073,34,32,2108.2,71678.8,2026-03-09,2026-03-09,0,Partial,Matched
PO500384,2026-02-16,V1005,MAT2037,457,457,2346.38,1072295.66,2026-02-19,2026-03-03,12,Complete,Pending
PO500385,2026-02-23,V1017,MAT2049,36,34,1149.18,41370.48,2026-03-15,2026-03-15,0,Partial,Matched
PO500386,2026-04-27,V1007,MAT2079,343,343,2432.49,834344.07,2026-05-10,2026-05-10,0,Complete,Pending
PO500387,2026-04-28,V1022,MAT2061,102,102,404.16,41224.32,2026-05-04,2026-05-04,0,Complete,Matched
PO500388,2026-05-30,V1029,MAT2061,105,105,1309.5,137497.5,2026-06-18,2026-06-18,0,Complete,Mismatch
PO500389,2026-06-11,V1019,MAT2070,478,478,1756.36,839540.08,2026-06-28,2026-07-03,5,Complete,Matched
PO500390,2026-01-27,V1000,MAT2022,73,73,628.5,45880.5,2026-02-16,2026-02-16,0,Complete,Matched
PO500391,2026-04-05,V1009,MAT2073,186,186,1056.58,196523.88,2026-04-11,2026-04-11,0,Complete,Matched
PO500392,2026-03-27,V1031,MAT2030,102,102,1949.19,198817.38,2026-03-30,2026-03-31,1,Complete,Matched
PO500393,2026-04-15,V1034,MAT2060,236,236,1369.91,323298.76,2026-04-29,2026-04-29,0,Complete,Matched
PO500394,2026-03-24,V1033,MAT2072,24,24,395.63,9495.12,2026-03-28,2026-03-28,0,Complete,Matched
PO500395,2026-05-14,V1034,MAT2006,293,293,1703.94,499254.42,2026-05-27,2026-05-27,0,Complete,Matched
PO500396,2026-08-13,V1010,MAT2023,30,30,873.76,26212.8,2026-08-21,2026-08-21,0,Complete,Matched
PO500397,2026-02-25,V1011,MAT2073,112,112,345.89,38739.68,2026-03-10,2026-03-10,0,Complete,Matched
PO500398,2026-08-01,V1027,MAT2045,452,436,707.9,319970.8,2026-08-13,2026-08-13,0,Partial,Matched
PO500399,2026-02-19,V1014,MAT2069,206,204,381.02,78490.12,2026-03-11,2026-03-11,0,Partial,Mismatch
PO500400,2026-08-15,V1004,MAT2065,112,112,591.9,66292.8,2026-08-24,2026-09-05,12,Complete,Matched
PO500401,2026-04-25,V1025,MAT2036,19,18,2122.98,40336.62,2026-05-11,2026-05-11,0,Partial,Pending
PO500402,2026-08-16,V1034,MAT2009,418,418,128.27,53616.86,2026-08-30,2026-08-30,0,Complete,Pending
PO500403,2026-05-05,V1031,MAT2051,359,359,845.59,303566.81,2026-05-19,2026-05-19,0,Complete,Matched
PO500404,2026-04-04,V1008,MAT2005,264,264,183.75,48510.0,2026-04-19,2026-04-24,5,Complete,Matched
PO500405,2026-06-04,V1030,MAT2050,115,112,742.92,85435.8,2026-06-21,2026-06-21,0,Partial,Matched
PO500406,2026-07-03,V1021,MAT2072,245,238,714.12,174959.4,2026-07-08,2026-07-08,0,Partial,Mismatch
PO500407,2026-04-24,V1006,MAT2016,425,425,1465.32,622761.0,2026-05-04,2026-05-04,0,Complete,Mismatch
PO500408,2026-01-05,V1029,MAT2050,238,238,1496.43,356150.34,2026-01-17,2026-01-17,0,Complete,Matched
PO500409,2026-01-19,V1001,MAT2063,25,25,1442.2,36055.0,2026-01-30,2026-01-30,0,Complete,Matched
PO500410,2026-01-05,V1001,MAT2024,391,391,2445.9,956346.9,2026-01-22,2026-01-22,0,Complete,Matched
PO500411,2026-04-14,V1019,MAT2001,171,171,1982.13,338944.23,2026-04-25,2026-04-28,3,Complete,Pending
PO500412,2026-01-18,V1011,MAT2038,438,438,1121.7,491304.6,2026-01-30,2026-01-30,0,Complete,Matched
PO500413,2026-06-18,V1017,MAT2048,96,96,2056.16,197391.36,2026-06-25,2026-06-25,0,Complete,Matched
PO500414,2026-04-09,V1004,MAT2074,275,275,2125.11,584405.25,2026-04-13,2026-04-16,3,Complete,Matched
PO500415,2026-04-11,V1015,MAT2000,121,121,1502.42,181792.82,2026-04-28,2026-04-28,0,Complete,Matched
PO500416,2026-01-01,V1010,MAT2020,234,232,1843.65,431414.1,2026-01-08,2026-01-08,0,Partial,Matched
PO500417,2026-07-31,V1022,MAT2030,142,135,384.16,54550.72,2026-08-11,2026-08-11,0,Partial,Matched
PO500418,2026-02-01,V1026,MAT2036,214,214,2308.05,493922.7,2026-02-09,2026-02-10,1,Complete,Matched
PO500419,2026-01-12,V1032,MAT2066,421,381,392.24,165133.04,2026-01-16,2026-01-16,0,Partial,Matched
PO500420,2026-03-17,V1012,MAT2054,164,164,1561.26,256046.64,2026-03-23,2026-03-23,0,Complete,Mismatch
PO500421,2026-04-02,V1000,MAT2079,121,121,1442.87,174587.27,2026-04-12,2026-04-12,0,Complete,Matched
PO500422,2026-03-29,V1033,MAT2037,299,299,1029.15,307715.85,2026-04-05,2026-04-05,0,Complete,Matched
PO500423,2026-02-03,V1008,MAT2058,249,249,959.47,238908.03,2026-02-21,2026-02-21,0,Complete,Matched
PO500424,2026-05-22,V1001,MAT2054,170,162,965.19,164082.3,2026-06-02,2026-06-02,0,Partial,Matched
PO500425,2026-05-15,V1002,MAT2058,96,92,61.82,5934.72,2026-05-23,2026-05-23,0,Partial,Pending
PO500426,2026-02-26,V1008,MAT2052,434,434,1367.37,593438.58,2026-03-09,2026-03-09,0,Complete,Matched
PO500427,2026-02-05,V1000,MAT2072,473,473,393.2,185983.6,2026-02-21,2026-02-21,0,Complete,Mismatch
PO500428,2026-04-04,V1005,MAT2055,25,23,2315.15,57878.75,2026-04-11,2026-04-11,0,Partial,Matched
PO500429,2026-01-28,V1006,MAT2065,28,28,1155.68,32359.04,2026-02-04,2026-02-04,0,Complete,Mismatch
PO500430,2026-02-04,V1015,MAT2014,61,61,1154.6,70430.6,2026-02-10,2026-02-10,0,Complete,Matched
PO500431,2026-02-08,V1001,MAT2021,249,230,1855.65,462056.85,2026-02-16,2026-02-16,0,Partial,Pending
PO500432,2026-06-29,V1010,MAT2061,83,81,731.5,60714.5,2026-07-11,2026-07-11,0,Partial,Pending
PO500433,2026-05-25,V1016,MAT2026,183,183,232.56,42558.48,2026-06-01,2026-06-01,0,Complete,Mismatch
PO500434,2026-05-19,V1029,MAT2044,161,161,304.56,49034.16,2026-05-24,2026-05-25,1,Complete,Matched
PO500435,2026-05-23,V1022,MAT2050,152,152,779.1,118423.2,2026-06-07,2026-06-07,0,Complete,Matched
PO500436,2026-05-15,V1003,MAT2079,235,235,89.05,20926.75,2026-05-20,2026-05-20,0,Complete,Matched
PO500437,2026-04-26,V1018,MAT2023,435,435,52.39,22789.65,2026-05-04,2026-05-06,2,Complete,Matched
PO500438,2026-08-09,V1027,MAT2013,298,291,115.16,34317.68,2026-08-17,2026-08-20,3,Partial,Pending
PO500439,2026-08-07,V1016,MAT2078,97,97,837.1,81198.7,2026-08-10,2026-08-12,2,Complete,Pending
PO500440,2026-02-09,V1020,MAT2034,270,270,1913.27,516582.9,2026-02-28,2026-02-28,0,Complete,Matched
PO500441,2026-06-28,V1014,MAT2031,362,362,1370.02,495947.24,2026-07-13,2026-07-18,5,Complete,Matched
PO500442,2026-07-14,V1013,MAT2009,483,483,534.62,258221.46,2026-08-01,2026-08-01,0,Complete,Matched
PO500443,2026-08-15,V1030,MAT2054,78,78,1654.07,129017.46,2026-08-24,2026-08-24,0,Complete,Matched
PO500444,2026-05-22,V1001,MAT2008,419,419,1563.55,655127.45,2026-05-31,2026-06-12,12,Complete,Mismatch
PO500445,2026-08-14,V1033,MAT2002,274,274,1065.2,291864.8,2026-08-17,2026-08-17,0,Complete,Matched
PO500446,2026-01-21,V1014,MAT2048,247,227,2447.34,604492.98,2026-01-24,2026-01-24,0,Partial,Pending
PO500447,2026-06-21,V1003,MAT2044,218,197,1917.01,417908.18,2026-06-26,2026-06-26,0,Partial,Matched
PO500448,2026-05-09,V1029,MAT2007,424,424,2412.6,1022942.4,2026-05-14,2026-05-14,0,Complete,Pending
PO500449,2026-01-21,V1027,MAT2033,495,495,801.11,396549.45,2026-02-06,2026-02-08,2,Complete,Matched
PO500450,2026-01-02,V1034,MAT2027,74,74,2357.35,174443.9,2026-01-21,2026-01-21,0,Complete,Matched
PO500451,2026-01-04,V1015,MAT2064,70,70,1242.45,86971.5,2026-01-24,2026-01-24,0,Complete,Matched
PO500452,2026-08-02,V1007,MAT2061,430,430,1493.44,642179.2,2026-08-07,2026-08-07,0,Complete,Mismatch
PO500453,2026-02-07,V1009,MAT2041,433,433,91.88,39784.04,2026-02-24,2026-02-27,3,Complete,Mismatch
PO500454,2026-03-15,V1010,MAT2040,476,476,939.13,447025.88,2026-03-23,2026-03-23,0,Complete,Matched
PO500455,2026-08-03,V1006,MAT2037,264,264,2459.38,649276.32,2026-08-10,2026-08-10,0,Complete,Matched
PO500456,2026-05-21,V1029,MAT2009,458,425,1367.0,626086.0,2026-05-26,2026-05-26,0,Partial,Mismatch
PO500457,2026-07-05,V1029,MAT2009,358,358,1081.84,387298.72,2026-07-14,2026-07-15,1,Complete,Matched
PO500458,2026-01-14,V1016,MAT2067,260,260,1339.77,348340.2,2026-01-29,2026-01-29,0,Complete,Matched
PO500459,2026-04-08,V1006,MAT2059,219,205,775.18,169764.42,2026-04-19,2026-04-19,0,Partial,Matched
PO500460,2026-08-19,V1011,MAT2003,293,293,1314.03,385010.79,2026-08-31,2026-08-31,0,Complete,Mismatch
PO500461,2026-06-24,V1024,MAT2057,238,238,2357.22,561018.36,2026-07-14,2026-07-14,0,Complete,Matched
PO500462,2026-08-11,V1009,MAT2030,117,117,120.48,14096.16,2026-08-19,2026-08-19,0,Complete,Matched
PO500463,2026-05-12,V1002,MAT2041,474,442,109.68,51988.32,2026-05-27,2026-06-08,12,Partial,Matched
PO500464,2026-02-05,V1034,MAT2021,224,224,1374.91,307979.84,2026-02-19,2026-02-19,0,Complete,Matched
PO500465,2026-03-09,V1028,MAT2073,342,329,1217.08,416241.36,2026-03-23,2026-03-23,0,Partial,Matched
PO500466,2026-02-02,V1018,MAT2046,7,7,1569.29,10985.03,2026-02-19,2026-02-19,0,Complete,Matched
PO500467,2026-05-04,V1028,MAT2013,188,177,2307.69,433845.72,2026-05-07,2026-05-15,8,Partial,Pending
PO500468,2026-06-05,V1013,MAT2075,263,263,480.01,126242.63,2026-06-22,2026-06-23,1,Complete,Mismatch
PO500469,2026-06-30,V1004,MAT2006,59,56,868.61,51247.99,2026-07-03,2026-07-15,12,Partial,Pending
PO500470,2026-06-12,V1025,MAT2054,463,463,419.44,194200.72,2026-06-19,2026-06-19,0,Complete,Matched
PO500471,2026-03-01,V1027,MAT2034,262,262,2446.71,641038.02,2026-03-12,2026-03-12,0,Complete,Mismatch
PO500472,2026-08-13,V1017,MAT2047,110,104,20.93,2302.3,2026-08-31,2026-09-01,1,Partial,Pending
PO500473,2026-08-08,V1021,MAT2066,268,268,1134.8,304126.4,2026-08-20,2026-08-20,0,Complete,Mismatch
PO500474,2026-06-07,V1028,MAT2019,454,454,1454.66,660415.64,2026-06-24,2026-06-27,3,Complete,Matched
PO500475,2026-05-02,V1007,MAT2074,249,249,1565.25,389747.25,2026-05-14,2026-05-14,0,Complete,Mismatch
PO500476,2026-02-06,V1005,MAT2041,89,89,1597.2,142150.8,2026-02-11,2026-02-11,0,Complete,Pending
PO500477,2026-04-13,V1007,MAT2005,195,181,2341.28,456549.6,2026-04-22,2026-04-22,0,Partial,Matched
PO500478,2026-07-19,V1021,MAT2036,313,313,712.48,223006.24,2026-08-01,2026-08-02,1,Complete,Matched
PO500479,2026-04-20,V1000,MAT2020,46,46,1011.7,46538.2,2026-04-28,2026-04-28,0,Complete,Mismatch
PO500480,2026-08-13,V1004,MAT2072,346,343,437.03,151212.38,2026-08-19,2026-08-22,3,Partial,Pending
PO500481,2026-05-04,V1013,MAT2042,184,184,799.32,147074.88,2026-05-19,2026-05-19,0,Complete,Pending
PO500482,2026-02-16,V1032,MAT2041,222,222,374.66,83174.52,2026-03-04,2026-03-09,5,Complete,Matched
PO500483,2026-07-26,V1023,MAT2011,383,383,1551.59,594258.97,2026-08-15,2026-08-15,0,Complete,Matched
PO500484,2026-03-22,V1034,MAT2070,173,173,245.63,42493.99,2026-04-10,2026-04-10,0,Complete,Matched
PO500485,2026-08-13,V1032,MAT2035,413,413,1598.62,660230.06,2026-08-22,2026-08-22,0,Complete,Pending
PO500486,2026-06-30,V1014,MAT2020,456,456,1800.68,821110.08,2026-07-07,2026-07-07,0,Complete,Matched
PO500487,2026-03-07,V1001,MAT2063,474,474,759.91,360197.34,2026-03-14,2026-03-14,0,Complete,Matched
PO500488,2026-08-25,V1031,MAT2031,427,427,65.71,28058.17,2026-08-28,2026-08-28,0,Complete,Pending
PO500489,2026-07-09,V1012,MAT2061,41,38,638.47,26177.27,2026-07-17,2026-07-19,2,Partial,Matched
PO500490,2026-07-07,V1028,MAT2039,412,412,686.28,282747.36,2026-07-20,2026-07-20,0,Complete,Matched
PO500491,2026-02-01,V1000,MAT2011,246,246,1878.93,462216.78,2026-02-20,2026-02-20,0,Complete,Pending
PO500492,2026-08-13,V1002,MAT2012,298,298,2041.75,608441.5,2026-08-27,2026-08-28,1,Complete,Matched
PO500493,2026-03-09,V1019,MAT2034,90,90,42.56,3830.4,2026-03-22,2026-03-22,0,Complete,Matched
PO500494,2026-02-15,V1031,MAT2050,121,121,738.91,89408.11,2026-02-23,2026-02-23,0,Complete,Matched
PO500495,2026-03-22,V1016,MAT2055,461,461,454.01,209298.61,2026-04-06,2026-04-06,0,Complete,Matched
PO500496,2026-07-26,V1031,MAT2063,217,217,1441.86,312883.62,2026-07-31,2026-08-05,5,Complete,Pending
PO500497,2026-06-30,V1020,MAT2004,282,282,41.13,11598.66,2026-07-11,2026-07-11,0,Complete,Matched
PO500498,2026-07-28,V1002,MAT2019,112,111,2322.31,260098.72,2026-08-15,2026-08-16,1,Partial,Pending
PO500499,2026-03-04,V1013,MAT2050,49,49,1306.69,64027.81,2026-03-21,2026-03-21,0,Complete,Matched
PO500500,2026-07-03,V1010,MAT2006,187,187,401.31,75044.97,2026-07-14,2026-07-14,0,Complete,Matched
PO500501,2026-02-24,V1030,MAT2078,446,446,230.8,102936.8,2026-03-01,2026-03-01,0,Complete,Matched
PO500502,2026-03-08,V1027,MAT2073,236,214,442.82,104505.52,2026-03-27,2026-03-27,0,Partial,Matched
PO500503,2026-04-09,V1022,MAT2034,423,423,1889.1,799089.3,2026-04-15,2026-04-15,0,Complete,Pending
PO500504,2026-04-30,V1029,MAT2022,467,467,2189.2,1022356.4,2026-05-19,2026-05-22,3,Complete,Matched
PO500505,2026-04-23,V1015,MAT2079,105,105,1832.34,192395.7,2026-05-06,2026-05-09,3,Complete,Matched
PO500506,2026-04-06,V1003,MAT2012,330,330,1564.87,516407.1,2026-04-13,2026-04-13,0,Complete,Matched
PO500507,2026-05-06,V1013,MAT2049,29,28,1486.14,43098.06,2026-05-19,2026-05-21,2,Partial,Matched
PO500508,2026-03-11,V1028,MAT2046,181,181,1705.46,308688.26,2026-03-16,2026-03-16,0,Complete,Matched
PO500509,2026-07-10,V1020,MAT2014,78,78,139.19,10856.82,2026-07-27,2026-07-27,0,Complete,Pending
PO500510,2026-05-06,V1005,MAT2076,369,353,640.18,236226.42,2026-05-16,2026-05-17,1,Partial,Matched
PO500511,2026-07-22,V1031,MAT2008,402,402,2395.21,962874.42,2026-08-09,2026-08-09,0,Complete,Matched
PO500512,2026-04-16,V1021,MAT2036,131,131,2145.0,280995.0,2026-04-28,2026-04-28,0,Complete,Pending
PO500513,2026-07-15,V1031,MAT2024,215,215,829.05,178245.75,2026-07-25,2026-07-25,0,Complete,Matched
PO500514,2026-05-09,V1012,MAT2023,300,300,426.7,128010.0,2026-05-16,2026-05-16,0,Complete,Mismatch
PO500515,2026-06-07,V1025,MAT2063,251,251,2217.17,556509.67,2026-06-21,2026-06-21,0,Complete,Matched
PO500516,2026-02-09,V1008,MAT2026,146,146,1355.19,197857.74,2026-02-23,2026-02-25,2,Complete,Pending
PO500517,2026-08-13,V1021,MAT2012,428,428,2389.25,1022599.0,2026-08-17,2026-08-17,0,Complete,Pending
PO500518,2026-02-28,V1017,MAT2029,21,21,1151.69,24185.49,2026-03-04,2026-03-04,0,Complete,Mismatch
PO500519,2026-01-14,V1016,MAT2040,268,268,1893.15,507364.2,2026-02-01,2026-02-01,0,Complete,Mismatch
PO500520,2026-03-19,V1017,MAT2017,344,325,752.18,258749.92,2026-03-24,2026-03-24,0,Partial,Matched
PO500521,2026-06-11,V1028,MAT2003,15,15,548.77,8231.55,2026-06-15,2026-06-15,0,Complete,Matched
PO500522,2026-03-02,V1011,MAT2057,289,289,564.72,163204.08,2026-03-19,2026-03-19,0,Complete,Matched
PO500523,2026-03-06,V1014,MAT2060,492,492,798.49,392857.08,2026-03-10,2026-03-10,0,Complete,Matched
PO500524,2026-08-26,V1028,MAT2033,353,353,1085.46,383167.38,2026-09-01,2026-09-01,0,Complete,Pending
PO500525,2026-07-18,V1017,MAT2024,486,486,2401.22,1166992.92,2026-07-23,2026-07-31,8,Complete,Matched
PO500526,2026-05-13,V1022,MAT2053,434,434,856.37,371664.58,2026-05-27,2026-05-27,0,Complete,Matched
PO500527,2026-01-07,V1029,MAT2011,155,147,1617.97,250785.35,2026-01-20,2026-01-20,0,Partial,Matched
PO500528,2026-06-04,V1007,MAT2066,273,273,1697.84,463510.32,2026-06-18,2026-06-20,2,Complete,Pending
PO500529,2026-06-06,V1013,MAT2006,59,59,769.27,45386.93,2026-06-12,2026-06-14,2,Complete,Mismatch
PO500530,2026-05-20,V1014,MAT2035,224,224,335.22,75089.28,2026-06-07,2026-06-15,8,Complete,Matched
PO500531,2026-03-11,V1013,MAT2033,128,128,1202.18,153879.04,2026-03-16,2026-03-19,3,Complete,Mismatch
PO500532,2026-01-06,V1001,MAT2006,289,273,2254.42,651527.38,2026-01-11,2026-01-11,0,Partial,Matched
PO500533,2026-07-04,V1030,MAT2057,295,277,132.82,39181.9,2026-07-19,2026-07-19,0,Partial,Pending
PO500534,2026-07-02,V1026,MAT2006,21,20,917.94,19276.74,2026-07-19,2026-07-19,0,Partial,Pending
PO500535,2026-07-15,V1016,MAT2068,412,412,2073.23,854170.76,2026-07-29,2026-07-29,0,Complete,Pending
PO500536,2026-05-03,V1033,MAT2041,65,65,1345.41,87451.65,2026-05-19,2026-05-19,0,Complete,Matched
PO500537,2026-04-14,V1033,MAT2050,253,253,397.79,100640.87,2026-05-02,2026-05-02,0,Complete,Mismatch
PO500538,2026-05-06,V1017,MAT2071,314,314,2013.58,632264.12,2026-05-09,2026-05-14,5,Complete,Pending
PO500539,2026-08-11,V1013,MAT2056,229,210,2039.62,467072.98,2026-08-27,2026-08-28,1,Partial,Mismatch
PO500540,2026-01-06,V1019,MAT2061,296,296,1290.14,381881.44,2026-01-20,2026-01-20,0,Complete,Matched
PO500541,2026-02-22,V1017,MAT2004,255,255,137.04,34945.2,2026-02-26,2026-02-27,1,Complete,Mismatch
PO500542,2026-08-15,V1028,MAT2033,284,284,634.15,180098.6,2026-08-25,2026-08-25,0,Complete,Mismatch
PO500543,2026-04-28,V1004,MAT2037,199,185,2410.91,479771.09,2026-05-16,2026-05-16,0,Partial,Pending
PO500544,2026-03-13,V1001,MAT2044,124,124,1344.63,166734.12,2026-03-18,2026-03-18,0,Complete,Matched
PO500545,2026-08-01,V1034,MAT2050,330,330,999.21,329739.3,2026-08-14,2026-08-19,5,Complete,Pending
PO500546,2026-04-24,V1028,MAT2003,294,294,1948.71,572920.74,2026-04-30,2026-05-05,5,Complete,Matched
PO500547,2026-06-24,V1001,MAT2033,35,32,163.45,5720.75,2026-07-02,2026-07-02,0,Partial,Pending
PO500548,2026-03-16,V1014,MAT2019,215,202,1539.24,330936.6,2026-03-21,2026-03-22,1,Partial,Matched
PO500549,2026-01-06,V1001,MAT2049,451,440,377.5,170252.5,2026-01-15,2026-01-18,3,Partial,Matched
PO500550,2026-02-01,V1018,MAT2071,406,406,1409.4,572216.4,2026-02-10,2026-02-15,5,Complete,Matched
PO500551,2026-06-07,V1013,MAT2071,404,404,518.42,209441.68,2026-06-11,2026-06-11,0,Complete,Matched
PO500552,2026-04-26,V1002,MAT2077,115,115,584.56,67224.4,2026-05-13,2026-05-18,5,Complete,Pending
PO500553,2026-01-19,V1011,MAT2068,41,41,819.18,33586.38,2026-01-31,2026-01-31,0,Complete,Matched
PO500554,2026-02-01,V1009,MAT2062,283,283,2156.33,610241.39,2026-02-10,2026-02-10,0,Complete,Matched
PO500555,2026-05-09,V1010,MAT2016,16,16,1402.24,22435.84,2026-05-13,2026-05-16,3,Complete,Matched
PO500556,2026-04-12,V1008,MAT2010,287,287,573.87,164700.69,2026-04-23,2026-04-23,0,Complete,Pending
PO500557,2026-03-18,V1023,MAT2079,470,470,55.07,25882.9,2026-03-23,2026-03-23,0,Complete,Matched
PO500558,2026-01-02,V1034,MAT2023,402,402,908.91,365381.82,2026-01-17,2026-01-17,0,Complete,Matched
PO500559,2026-08-04,V1002,MAT2071,36,36,1526.15,54941.4,2026-08-07,2026-08-07,0,Complete,Matched
PO500560,2026-02-16,V1029,MAT2005,188,188,263.35,49509.8,2026-02-27,2026-02-27,0,Complete,Pending
PO500561,2026-01-05,V1018,MAT2014,299,299,672.51,201080.49,2026-01-19,2026-01-19,0,Complete,Matched
PO500562,2026-08-18,V1031,MAT2028,258,258,1595.1,411535.8,2026-08-31,2026-08-31,0,Complete,Matched
PO500563,2026-04-17,V1009,MAT2056,159,159,1462.21,232491.39,2026-04-30,2026-04-30,0,Complete,Matched
PO500564,2026-05-20,V1020,MAT2023,30,30,1986.89,59606.7,2026-05-24,2026-05-27,3,Complete,Matched
PO500565,2026-07-15,V1025,MAT2024,21,21,1235.03,25935.63,2026-07-30,2026-07-30,0,Complete,Matched
PO500566,2026-05-12,V1017,MAT2051,238,231,409.34,97422.92,2026-05-31,2026-05-31,0,Partial,Matched
PO500567,2026-04-04,V1017,MAT2079,390,390,2353.47,917853.3,2026-04-15,2026-04-17,2,Complete,Matched
PO500568,2026-08-26,V1030,MAT2055,342,342,566.91,193883.22,2026-09-10,2026-09-12,2,Complete,Mismatch
PO500569,2026-07-28,V1032,MAT2075,238,238,389.08,92601.04,2026-08-11,2026-08-11,0,Complete,Matched
PO500570,2026-06-13,V1025,MAT2012,349,349,2263.35,789909.15,2026-06-24,2026-06-24,0,Complete,Matched
PO500571,2026-08-11,V1013,MAT2078,235,235,835.13,196255.55,2026-08-22,2026-08-22,0,Complete,Matched
PO500572,2026-01-21,V1015,MAT2034,427,388,187.84,80207.68,2026-01-28,2026-01-28,0,Partial,Matched
PO500573,2026-02-11,V1004,MAT2015,346,346,2175.12,752591.52,2026-02-19,2026-02-22,3,Complete,Matched
PO500574,2026-03-22,V1022,MAT2058,83,83,303.41,25183.03,2026-04-01,2026-04-01,0,Complete,Matched
PO500575,2026-03-20,V1021,MAT2066,124,124,922.03,114331.72,2026-04-02,2026-04-02,0,Complete,Matched
PO500576,2026-06-27,V1001,MAT2008,64,59,1114.44,71324.16,2026-07-16,2026-07-18,2,Partial,Matched
PO500577,2026-07-04,V1019,MAT2061,482,482,2273.32,1095740.24,2026-07-16,2026-07-16,0,Complete,Matched
PO500578,2026-02-20,V1011,MAT2074,193,193,2244.06,433103.58,2026-02-25,2026-02-25,0,Complete,Mismatch
PO500579,2026-01-09,V1028,MAT2010,457,457,1722.98,787401.86,2026-01-14,2026-01-14,0,Complete,Pending
PO500580,2026-05-27,V1017,MAT2064,303,303,628.44,190417.32,2026-05-30,2026-05-30,0,Complete,Pending
PO500581,2026-02-08,V1029,MAT2035,485,485,65.93,31976.05,2026-02-17,2026-02-17,0,Complete,Matched
PO500582,2026-01-14,V1027,MAT2028,403,403,1290.38,520023.14,2026-01-19,2026-01-19,0,Complete,Matched
PO500583,2026-03-20,V1033,MAT2073,188,188,1331.43,250308.84,2026-03-27,2026-03-27,0,Complete,Mismatch
PO500584,2026-07-02,V1002,MAT2077,89,89,2218.21,197420.69,2026-07-19,2026-07-19,0,Complete,Mismatch
PO500585,2026-08-28,V1027,MAT2029,474,474,1341.15,635705.1,2026-09-04,2026-09-05,1,Complete,Matched
PO500586,2026-04-13,V1020,MAT2055,235,235,1779.92,418281.2,2026-04-25,2026-04-27,2,Complete,Pending
PO500587,2026-05-01,V1018,MAT2017,342,331,1257.23,429972.66,2026-05-19,2026-05-27,8,Partial,Matched
PO500588,2026-07-31,V1024,MAT2018,347,347,440.93,153002.71,2026-08-05,2026-08-05,0,Complete,Matched
PO500589,2026-07-19,V1008,MAT2012,153,153,923.4,141280.2,2026-07-24,2026-07-24,0,Complete,Mismatch
PO500590,2026-08-01,V1031,MAT2045,228,228,179.49,40923.72,2026-08-13,2026-08-13,0,Complete,Pending
PO500591,2026-04-10,V1024,MAT2011,459,459,237.23,108888.57,2026-04-20,2026-04-20,0,Complete,Pending
PO500592,2026-01-29,V1021,MAT2014,120,120,346.71,41605.2,2026-02-05,2026-02-05,0,Complete,Matched
PO500593,2026-01-02,V1021,MAT2071,5,5,1761.09,8805.45,2026-01-20,2026-01-20,0,Complete,Pending
PO500594,2026-01-09,V1034,MAT2006,41,41,27.49,1127.09,2026-01-24,2026-01-24,0,Complete,Matched
PO500595,2026-05-01,V1016,MAT2032,400,400,2093.65,837460.0,2026-05-14,2026-05-14,0,Complete,Matched
PO500596,2026-03-02,V1029,MAT2014,237,237,940.4,222874.8,2026-03-12,2026-03-12,0,Complete,Matched
PO500597,2026-04-25,V1030,MAT2072,415,415,1986.23,824285.45,2026-05-05,2026-05-05,0,Complete,Matched
PO500598,2026-05-13,V1011,MAT2076,59,55,153.51,9057.09,2026-05-30,2026-05-30,0,Partial,Matched
PO500599,2026-03-18,V1030,MAT2025,255,255,930.9,237379.5,2026-04-02,2026-04-02,0,Complete,Matched
PO500600,2026-07-16,V1030,MAT2002,245,245,1291.75,316478.75,2026-07-20,2026-07-21,1,Complete,Matched
PO500601,2026-04-16,V1006,MAT2062,335,335,1869.44,626262.4,2026-04-21,2026-04-22,1,Complete,Pending
PO500602,2026-08-09,V1011,MAT2015,176,176,119.08,20958.08,2026-08-20,2026-08-20,0,Complete,Matched
PO500603,2026-01-22,V1011,MAT2022,269,269,2498.56,672112.64,2026-02-06,2026-02-06,0,Complete,Matched
PO500604,2026-08-26,V1032,MAT2033,451,451,27.05,12199.55,2026-09-05,2026-09-05,0,Complete,Matched
PO500605,2026-08-15,V1003,MAT2045,452,452,1525.74,689634.48,2026-08-28,2026-08-29,1,Complete,Matched
PO500606,2026-06-25,V1032,MAT2049,458,458,303.38,138948.04,2026-07-11,2026-07-13,2,Complete,Matched
PO500607,2026-07-12,V1016,MAT2064,132,119,1839.39,242799.48,2026-07-20,2026-07-20,0,Partial,Pending
PO500608,2026-03-24,V1024,MAT2013,481,481,769.86,370302.66,2026-04-10,2026-04-10,0,Complete,Matched
PO500609,2026-03-21,V1030,MAT2053,166,166,311.9,51775.4,2026-04-02,2026-04-02,0,Complete,Matched
PO500610,2026-01-31,V1001,MAT2004,71,71,806.13,57235.23,2026-02-13,2026-02-15,2,Complete,Matched
PO500611,2026-07-04,V1003,MAT2046,481,467,298.07,143371.67,2026-07-12,2026-07-12,0,Partial,Pending
PO500612,2026-08-06,V1027,MAT2064,113,113,1222.37,138127.81,2026-08-13,2026-08-13,0,Complete,Pending
PO500613,2026-08-27,V1010,MAT2060,227,227,1838.33,417300.91,2026-09-09,2026-09-09,0,Complete,Mismatch
PO500614,2026-07-23,V1013,MAT2050,115,115,741.16,85233.4,2026-08-11,2026-08-11,0,Complete,Mismatch
PO500615,2026-08-02,V1023,MAT2038,445,445,1061.38,472314.1,2026-08-09,2026-08-09,0,Complete,Pending
PO500616,2026-02-16,V1005,MAT2040,326,298,1145.23,373344.98,2026-02-25,2026-02-25,0,Partial,Pending
PO500617,2026-05-19,V1026,MAT2062,119,119,1723.87,205140.53,2026-05-28,2026-05-28,0,Complete,Pending
PO500618,2026-03-04,V1030,MAT2073,163,163,1990.97,324528.11,2026-03-24,2026-03-24,0,Complete,Mismatch
PO500619,2026-02-07,V1007,MAT2015,219,219,615.42,134776.98,2026-02-16,2026-02-21,5,Complete,Matched
PO500620,2026-06-24,V1018,MAT2065,61,56,1403.94,85640.34,2026-07-06,2026-07-06,0,Partial,Pending
PO500621,2026-02-20,V1010,MAT2025,86,86,476.63,40990.18,2026-02-28,2026-02-28,0,Complete,Matched
PO500622,2026-06-06,V1033,MAT2068,14,14,1647.18,23060.52,2026-06-16,2026-06-16,0,Complete,Matched
PO500623,2026-04-02,V1014,MAT2067,389,359,1248.3,485588.7,2026-04-21,2026-04-21,0,Partial,Matched
PO500624,2026-05-02,V1019,MAT2040,468,468,973.57,455630.76,2026-05-16,2026-05-16,0,Complete,Matched
PO500625,2026-01-08,V1011,MAT2071,308,308,82.16,25305.28,2026-01-11,2026-01-11,0,Complete,Matched
PO500626,2026-07-01,V1013,MAT2007,415,412,359.9,149358.5,2026-07-07,2026-07-07,0,Partial,Pending
PO500627,2026-05-20,V1021,MAT2073,311,311,785.0,244135.0,2026-05-29,2026-05-29,0,Complete,Matched
PO500628,2026-04-26,V1000,MAT2047,357,357,765.3,273212.1,2026-05-15,2026-05-15,0,Complete,Mismatch
PO500629,2026-04-23,V1023,MAT2018,429,429,1150.28,493470.12,2026-04-30,2026-05-02,2,Complete,Mismatch
PO500630,2026-05-05,V1011,MAT2012,5,5,1932.38,9661.9,2026-05-15,2026-05-15,0,Complete,Matched
PO500631,2026-06-30,V1008,MAT2014,24,24,1972.69,47344.56,2026-07-12,2026-07-13,1,Complete,Pending
PO500632,2026-02-10,V1002,MAT2028,450,450,2334.55,1050547.5,2026-02-15,2026-02-15,0,Complete,Mismatch
PO500633,2026-04-10,V1025,MAT2009,33,30,616.87,20356.71,2026-04-13,2026-04-14,1,Partial,Mismatch
PO500634,2026-06-23,V1024,MAT2056,349,349,791.87,276362.63,2026-07-10,2026-07-10,0,Complete,Matched
PO500635,2026-04-04,V1004,MAT2019,336,336,1095.34,368034.24,2026-04-12,2026-04-12,0,Complete,Matched
PO500636,2026-05-06,V1029,MAT2033,85,85,1926.91,163787.35,2026-05-09,2026-05-09,0,Complete,Matched
PO500637,2026-07-10,V1024,MAT2013,28,28,1885.87,52804.36,2026-07-20,2026-07-25,5,Complete,Matched
PO500638,2026-03-01,V1027,MAT2065,355,355,1269.94,450828.7,2026-03-16,2026-03-19,3,Complete,Pending
PO500639,2026-04-19,V1033,MAT2025,275,263,2397.4,659285.0,2026-04-25,2026-04-25,0,Partial,Matched
PO500640,2026-02-14,V1009,MAT2048,454,454,800.37,363367.98,2026-02-17,2026-02-17,0,Complete,Pending
PO500641,2026-04-11,V1005,MAT2022,224,224,1229.57,275423.68,2026-04-23,2026-05-01,8,Complete,Pending
PO500642,2026-03-31,V1026,MAT2011,85,85,1154.34,98118.9,2026-04-12,2026-04-12,0,Complete,Matched
PO500643,2026-07-11,V1023,MAT2070,464,464,1181.35,548146.4,2026-07-30,2026-07-30,0,Complete,Matched
PO500644,2026-07-17,V1009,MAT2043,107,107,1853.95,198372.65,2026-07-21,2026-08-02,12,Complete,Pending
PO500645,2026-07-13,V1009,MAT2067,294,294,1727.61,507917.34,2026-07-28,2026-07-28,0,Complete,Matched
PO500646,2026-01-18,V1034,MAT2072,193,188,2068.53,399226.29,2026-02-01,2026-02-01,0,Partial,Matched
PO500647,2026-05-07,V1012,MAT2073,303,303,582.23,176415.69,2026-05-14,2026-05-14,0,Complete,Matched
PO500648,2026-02-25,V1022,MAT2056,370,370,2040.45,754966.5,2026-03-04,2026-03-04,0,Complete,Pending
PO500649,2026-08-25,V1019,MAT2047,196,196,665.82,130500.72,2026-09-10,2026-09-12,2,Complete,Matched
